{"cameraMode":{"drawMode":0,"name":"Shaded","section":"Shading Mode"},"sceneLighting":true,"audioPlay":false,"sceneViewState":{"showFog":true,"showMaterialUpdate":false,"showSkybox":true,"showFlares":true,"showImageEffects":true,"showParticleSystems":true,"showVisualEffectGraphs":true,"m_FxEnabled":true},"in2DMode":false,"pivot":{"x":10.441192626953125,"y":4.864305019378662,"z":-20.153594970703126},"rotation":{"x":0.008700701408088208,"y":-0.9563524127006531,"z":0.292060911655426,"w":0.02706165798008442},"size":10.200606346130371,"orthographic":true}